src/vstdplus/feq.rs	25	25	use vstd::std_specs::cmp::PartialEqSpec;	use vstd::prelude::*;
src/Chap05/RelationStEph.rs	35	36	use vstd::std_specs::iter::*;	#[cfg(verus_keep_ghost)]
src/Chap05/SetStEph.rs	37	38	use vstd::std_specs::iter::*;	#[cfg(verus_keep_ghost)]
src/Chap05/SetMtEph.rs	51	52	use vstd::std_specs::iter::*;	#[cfg(verus_keep_ghost)]
src/Chap05/MappingStEph.rs	36	37	use vstd::std_specs::iter::*;	#[cfg(verus_keep_ghost)]
src/Chap66/BoruvkaStEph.rs	33	34	use vstd::std_specs::iter::*;	#[cfg(verus_keep_ghost)]
src/Chap66/BoruvkaMtEph.rs	32	33	use vstd::std_specs::iter::*;	#[cfg(verus_keep_ghost)]
src/standards/iterators_standard.rs	95	96	use vstd::std_specs::iter::*;	#[cfg(verus_keep_ghost)]
src/standards/prophetic_iterators_standard.rs	79	80	use vstd::std_specs::iter::*;	#[cfg(verus_keep_ghost)]
src/standards/table_of_contents_standard.rs	59	60	use vstd::std_specs::iter::*;	#[cfg(verus_keep_ghost)]
src/Chap17/MathSeq.rs	40	41	use vstd::std_specs::iter::*;	#[cfg(verus_keep_ghost)]
src/Chap06/DirGraphStEph.rs	32	33	use vstd::std_specs::iter::*;	#[cfg(verus_keep_ghost)]
src/standards/mod_standard.rs	32	33	use vstd::std_specs::iter::*;	#[cfg(verus_keep_ghost)]
src/standards/wrapping_iterators_standard.rs	76	77	use vstd::std_specs::iter::*;	#[cfg(verus_keep_ghost)]
src/standards/deep_view_standard.rs	24	25	use vstd::std_specs::iter::*;	#[cfg(verus_keep_ghost)]
src/Chap06/WeightedDirGraphStEphUsize.rs	28	29	use vstd::std_specs::iter::*;	#[cfg(verus_keep_ghost)]
src/Chap06/WeightedDirGraphStEphI16.rs	28	29	use vstd::std_specs::iter::*;	#[cfg(verus_keep_ghost)]
src/Chap06/WeightedDirGraphStEphI32.rs	28	29	use vstd::std_specs::iter::*;	#[cfg(verus_keep_ghost)]
src/Chap06/LabUnDirGraphMtEph.rs	44	45	use vstd::std_specs::iter::*;	#[cfg(verus_keep_ghost)]
src/standards/view_standard.rs	20	21	use vstd::std_specs::iter::*;	#[cfg(verus_keep_ghost)]
src/Chap06/WeightedDirGraphStEphI64.rs	28	29	use vstd::std_specs::iter::*;	#[cfg(verus_keep_ghost)]
src/Chap06/WeightedDirGraphStEphU128.rs	28	29	use vstd::std_specs::iter::*;	#[cfg(verus_keep_ghost)]
src/standards/using_hashmap_standard.rs	77	78	use vstd::std_specs::hash::*;	#[cfg(verus_keep_ghost)]
src/standards/using_hashmap_standard.rs	78	80	use vstd::std_specs::iter::*;	#[cfg(verus_keep_ghost)]
src/Chap06/WeightedDirGraphStEphIsize.rs	28	29	use vstd::std_specs::iter::*;	#[cfg(verus_keep_ghost)]
src/Chap06/WeightedDirGraphStEphU32.rs	28	29	use vstd::std_specs::iter::*;	#[cfg(verus_keep_ghost)]
src/Chap06/WeightedDirGraphStEphU8.rs	28	29	use vstd::std_specs::iter::*;	#[cfg(verus_keep_ghost)]
src/Chap06/LabUnDirGraphStEph.rs	31	32	use vstd::std_specs::iter::*;	#[cfg(verus_keep_ghost)]
src/Chap06/UnDirGraphMtEph.rs	44	45	use vstd::std_specs::iter::*;	#[cfg(verus_keep_ghost)]
src/Chap06/WeightedDirGraphStEphF64.rs	28	29	use vstd::std_specs::iter::*;	#[cfg(verus_keep_ghost)]
src/Chap06/WeightedDirGraphStEphI8.rs	28	29	use vstd::std_specs::iter::*;	#[cfg(verus_keep_ghost)]
src/Chap06/LabDirGraphStEph.rs	31	32	use vstd::std_specs::iter::*;	#[cfg(verus_keep_ghost)]
src/Chap06/LabDirGraphMtEph.rs	44	45	use vstd::std_specs::iter::*;	#[cfg(verus_keep_ghost)]
src/Chap06/DirGraphMtEph.rs	44	45	use vstd::std_specs::iter::*;	#[cfg(verus_keep_ghost)]
src/Chap06/WeightedDirGraphStEphI128.rs	28	29	use vstd::std_specs::iter::*;	#[cfg(verus_keep_ghost)]
src/Chap06/UnDirGraphStEph.rs	32	33	use vstd::std_specs::iter::*;	#[cfg(verus_keep_ghost)]
src/Chap06/WeightedDirGraphStEphU16.rs	28	29	use vstd::std_specs::iter::*;	#[cfg(verus_keep_ghost)]
src/Chap06/WeightedDirGraphStEphU64.rs	28	29	use vstd::std_specs::iter::*;	#[cfg(verus_keep_ghost)]
src/vstdplus/seq_set.rs	28	29	use vstd::iset::fold::is_fun_commutative;	#[cfg(verus_keep_ghost)]
src/standards/finite_sets_standard.rs	60	61	use vstd::iset::lemma_iset_finite_if_subset_of_seq;	#[cfg(verus_keep_ghost)]
