src/Chap05/SetStEph.rs	all_nonempty	669	parts_pos
src/Chap05/SetStEph.rs	partition_on_elt	712	parts_pos
src/Chap05/SetStEph.rs	partition	788	s1_pos
src/Chap05/SetMtEph.rs	cartesian_product	649	pos
src/Chap05/SetMtEph.rs	all_nonempty	802	parts_pos
src/Chap05/SetMtEph.rs	partition_on_elt	845	parts_pos
src/Chap05/SetMtEph.rs	partition	921	s1_pos
src/Chap05/MappingStEph.rs	is_functional_SetStEph_at	356	pos
src/Chap05/MappingStEph.rs	is_functional_SetStEph	399	pos
src/Chap06/DirGraphStEph.rs	ng_of_vertices	307	pos
src/Chap06/DirGraphStEph.rs	n_plus	379	pos
src/Chap06/DirGraphStEph.rs	n_minus	446	pos
src/Chap06/DirGraphStEph.rs	n_plus_of_vertices	512	pos
src/Chap06/DirGraphStEph.rs	n_minus_of_vertices	583	pos
src/Chap06/UnDirGraphStEph.rs	ng	248	pos
src/Chap06/UnDirGraphStEph.rs	ng_of_vertices	321	pos
src/Chap06/LabDirGraphStEph.rs	arcs	221	pos
src/Chap06/LabDirGraphStEph.rs	get_arc_label	290	pos
src/Chap06/LabDirGraphStEph.rs	has_arc	342	pos
src/Chap06/LabDirGraphStEph.rs	n_plus	398	pos
src/Chap06/LabDirGraphStEph.rs	n_minus	463	pos
src/Chap06/LabUnDirGraphStEph.rs	edges	215	pos
src/Chap06/LabUnDirGraphStEph.rs	get_edge_label	291	pos
src/Chap06/LabUnDirGraphStEph.rs	has_edge	351	pos
src/Chap06/LabUnDirGraphStEph.rs	ng	412	pos
src/Chap06/LabDirGraphMtEph.rs	arcs	307	pos
src/Chap06/LabDirGraphMtEph.rs	get_arc_label	397	pos
src/Chap06/LabDirGraphMtEph.rs	has_arc	449	pos
src/Chap06/LabUnDirGraphMtEph.rs	edges	282	pos
src/Chap06/LabUnDirGraphMtEph.rs	get_edge_label	375	pos
src/Chap06/LabUnDirGraphMtEph.rs	has_edge	434	pos
src/Chap06/WeightedDirGraphStEphF64.rs	from_weighed_edges	130	pos
src/Chap06/WeightedDirGraphStEphF64.rs	weighed_edges	196	pos
src/Chap06/WeightedDirGraphStEphF64.rs	out_neighbors_weighed	239	pos
src/Chap06/WeightedDirGraphStEphF64.rs	in_neighbors_weighed	303	pos
src/Chap06/WeightedDirGraphStEphI128.rs	from_weighed_edges	155	pos
src/Chap06/WeightedDirGraphStEphI128.rs	weighed_edges	221	pos
src/Chap06/WeightedDirGraphStEphI128.rs	out_neighbors_weighed	264	pos
src/Chap06/WeightedDirGraphStEphI128.rs	in_neighbors_weighed	328	pos
src/Chap06/WeightedDirGraphStEphI128.rs	total_weight	392	pos
src/Chap06/WeightedDirGraphStEphI128.rs	edges_above_weight	441	pos
src/Chap06/WeightedDirGraphStEphI128.rs	edges_below_weight	502	pos
src/Chap06/WeightedDirGraphStEphI16.rs	from_weighed_edges	155	pos
src/Chap06/WeightedDirGraphStEphI16.rs	weighed_edges	214	pos
src/Chap06/WeightedDirGraphStEphI16.rs	out_neighbors_weighed	257	pos
src/Chap06/WeightedDirGraphStEphI16.rs	in_neighbors_weighed	321	pos
src/Chap06/WeightedDirGraphStEphI16.rs	total_weight	385	pos
src/Chap06/WeightedDirGraphStEphI16.rs	edges_above_weight	434	pos
src/Chap06/WeightedDirGraphStEphI16.rs	edges_below_weight	495	pos
src/Chap06/WeightedDirGraphStEphI32.rs	from_weighed_edges	155	pos
src/Chap06/WeightedDirGraphStEphI32.rs	weighed_edges	214	pos
src/Chap06/WeightedDirGraphStEphI32.rs	out_neighbors_weighed	257	pos
src/Chap06/WeightedDirGraphStEphI32.rs	in_neighbors_weighed	321	pos
src/Chap06/WeightedDirGraphStEphI32.rs	total_weight	385	pos
src/Chap06/WeightedDirGraphStEphI32.rs	edges_above_weight	434	pos
src/Chap06/WeightedDirGraphStEphI32.rs	edges_below_weight	495	pos
src/Chap06/WeightedDirGraphStEphI64.rs	from_weighed_edges	155	pos
src/Chap06/WeightedDirGraphStEphI64.rs	weighed_edges	214	pos
src/Chap06/WeightedDirGraphStEphI64.rs	out_neighbors_weighed	257	pos
src/Chap06/WeightedDirGraphStEphI64.rs	in_neighbors_weighed	321	pos
src/Chap06/WeightedDirGraphStEphI64.rs	total_weight	385	pos
src/Chap06/WeightedDirGraphStEphI64.rs	edges_above_weight	434	pos
src/Chap06/WeightedDirGraphStEphI64.rs	edges_below_weight	495	pos
src/Chap06/WeightedDirGraphStEphI8.rs	from_weighed_edges	155	pos
src/Chap06/WeightedDirGraphStEphI8.rs	weighed_edges	214	pos
src/Chap06/WeightedDirGraphStEphI8.rs	out_neighbors_weighed	257	pos
src/Chap06/WeightedDirGraphStEphI8.rs	in_neighbors_weighed	321	pos
src/Chap06/WeightedDirGraphStEphI8.rs	total_weight	385	pos
src/Chap06/WeightedDirGraphStEphI8.rs	edges_above_weight	434	pos
src/Chap06/WeightedDirGraphStEphI8.rs	edges_below_weight	495	pos
src/Chap06/WeightedDirGraphStEphIsize.rs	from_weighed_edges	155	pos
src/Chap06/WeightedDirGraphStEphIsize.rs	weighed_edges	214	pos
src/Chap06/WeightedDirGraphStEphIsize.rs	out_neighbors_weighed	257	pos
src/Chap06/WeightedDirGraphStEphIsize.rs	in_neighbors_weighed	321	pos
src/Chap06/WeightedDirGraphStEphIsize.rs	total_weight	385	pos
src/Chap06/WeightedDirGraphStEphIsize.rs	edges_above_weight	434	pos
src/Chap06/WeightedDirGraphStEphIsize.rs	edges_below_weight	495	pos
src/Chap06/WeightedDirGraphStEphU128.rs	from_weighed_edges	155	pos
src/Chap06/WeightedDirGraphStEphU128.rs	weighed_edges	214	pos
src/Chap06/WeightedDirGraphStEphU128.rs	out_neighbors_weighed	257	pos
src/Chap06/WeightedDirGraphStEphU128.rs	in_neighbors_weighed	321	pos
src/Chap06/WeightedDirGraphStEphU128.rs	total_weight	385	pos
src/Chap06/WeightedDirGraphStEphU128.rs	edges_above_weight	435	pos
src/Chap06/WeightedDirGraphStEphU128.rs	edges_below_weight	496	pos
src/Chap06/WeightedDirGraphStEphU16.rs	from_weighed_edges	155	pos
src/Chap06/WeightedDirGraphStEphU16.rs	weighed_edges	214	pos
src/Chap06/WeightedDirGraphStEphU16.rs	out_neighbors_weighed	257	pos
src/Chap06/WeightedDirGraphStEphU16.rs	in_neighbors_weighed	321	pos
src/Chap06/WeightedDirGraphStEphU16.rs	total_weight	385	pos
src/Chap06/WeightedDirGraphStEphU16.rs	edges_above_weight	435	pos
src/Chap06/WeightedDirGraphStEphU16.rs	edges_below_weight	496	pos
src/Chap06/WeightedDirGraphStEphU32.rs	from_weighed_edges	155	pos
src/Chap06/WeightedDirGraphStEphU32.rs	weighed_edges	214	pos
src/Chap06/WeightedDirGraphStEphU32.rs	out_neighbors_weighed	257	pos
src/Chap06/WeightedDirGraphStEphU32.rs	in_neighbors_weighed	321	pos
src/Chap06/WeightedDirGraphStEphU32.rs	total_weight	385	pos
src/Chap06/WeightedDirGraphStEphU32.rs	edges_above_weight	435	pos
src/Chap06/WeightedDirGraphStEphU32.rs	edges_below_weight	496	pos
src/Chap06/WeightedDirGraphStEphU64.rs	from_weighed_edges	155	pos
src/Chap06/WeightedDirGraphStEphU64.rs	weighed_edges	214	pos
src/Chap06/WeightedDirGraphStEphU64.rs	out_neighbors_weighed	257	pos
src/Chap06/WeightedDirGraphStEphU64.rs	in_neighbors_weighed	321	pos
src/Chap06/WeightedDirGraphStEphU64.rs	total_weight	385	pos
src/Chap06/WeightedDirGraphStEphU64.rs	edges_above_weight	435	pos
src/Chap06/WeightedDirGraphStEphU64.rs	edges_below_weight	496	pos
src/Chap06/WeightedDirGraphStEphU8.rs	from_weighed_edges	155	pos
src/Chap06/WeightedDirGraphStEphU8.rs	weighed_edges	214	pos
src/Chap06/WeightedDirGraphStEphU8.rs	out_neighbors_weighed	257	pos
src/Chap06/WeightedDirGraphStEphU8.rs	in_neighbors_weighed	321	pos
src/Chap06/WeightedDirGraphStEphU8.rs	total_weight	385	pos
src/Chap06/WeightedDirGraphStEphU8.rs	edges_above_weight	435	pos
src/Chap06/WeightedDirGraphStEphU8.rs	edges_below_weight	496	pos
src/Chap06/WeightedDirGraphStEphUsize.rs	from_weighed_edges	155	pos
src/Chap06/WeightedDirGraphStEphUsize.rs	weighed_edges	214	pos
src/Chap06/WeightedDirGraphStEphUsize.rs	out_neighbors_weighed	257	pos
src/Chap06/WeightedDirGraphStEphUsize.rs	in_neighbors_weighed	321	pos
src/Chap06/WeightedDirGraphStEphUsize.rs	total_weight	385	pos
src/Chap06/WeightedDirGraphStEphUsize.rs	edges_above_weight	435	pos
src/Chap06/WeightedDirGraphStEphUsize.rs	edges_below_weight	496	pos
