k	target_result	target_rlimit
0	unsat	612369
1	unsat	612369
2	unsat	612369
3	unsat	612369
4	unsat	612369
5	unsat	612369
6	unsat	612369
7	unsat	612369
8	unsat	612369
9	unsat	612369
10	unsat	612369
11	unsat	612369
12	unsat	612369
13	unsat	612369
14	unsat	612369
15	unsat	612369
16	unsat	612369
17	unsat	612369
18	unsat	612369
19	unsat	612369
20	unsat	612369
21	unsat	612369
22	unknown	992527
23	unsat	644875
24	unsat	644875
25	unsat	644875
26	unsat	644875
27	unsat	644875
28	unsat	644875
29	unsat	644875
30	unsat	644875
31	unsat	644875
32	unsat	644875
33	unsat	644875
34	unsat	644875
35	unsat	644875
36	unsat	644875
37	unsat	644875
38	unsat	644875
39	unsat	644875
40	unsat	644875
41	unsat	644875
42	unsat	644875
43	unsat	644875
44	unsat	644875
45	unsat	644875
46	unsat	644875
47	unsat	644875
48	unsat	644875
49	unsat	644887
50	unsat	644887
51	unsat	644887
52	unsat	644887
53	unsat	644887
54	unsat	644887
55	unsat	644887
56	unsat	644887
57	unsat	644887
58	unsat	644887
59	unsat	644887
60	unsat	644887
61	unsat	644887
62	unsat	644887
63	unsat	644887
64	unsat	644887
65	unsat	644887
66	unsat	644887
67	unsat	644887
68	unsat	644887
69	unsat	644887
70	unsat	644887
71	unsat	644887
72	unsat	644887
73	unsat	644887
74	unsat	644887
75	unsat	644887
76	unsat	644887
77	unsat	644887
78	unsat	644887
79	unsat	644887
80	unsat	644887
81	unsat	644887
82	unsat	644887
83	unsat	644887
84	unsat	644887
85	unsat	644887
86	unsat	644887
87	unsat	644887
88	unsat	644887
89	unsat	644887
90	unsat	644887
91	unsat	644887
92	unsat	644887
93	unsat	644887
94	unsat	644887
95	unsat	644887
96	unsat	644887
97	unsat	644887
98	unsat	644887
99	unsat	644887
100	unsat	644887
101	unsat	644887
102	unsat	644887
103	unsat	644887
104	unsat	644885
105	unsat	644885
106	unsat	644885
107	unsat	644879
108	unsat	658547
109	unsat	658547
110	unsat	658547
111	unsat	658547
112	unsat	658547
113	unsat	658547
114	unsat	658547
115	unsat	658547
116	unsat	658547
117	unsat	658547
118	unsat	658547
119	unsat	658547
120	unsat	658547
121	unsat	658547
122	unsat	658547
123	unsat	658547
124	unsat	658547
125	unsat	658547
126	unsat	658547
127	unsat	658547
128	unsat	658547
129	unsat	658547
130	unsat	658547
131	unsat	658547
132	unsat	658547
133	unsat	658547
134	unsat	658547
135	unsat	658547
136	unsat	658547
137	unsat	658547
138	unsat	658547
139	unsat	658547
140	unsat	658547
141	unsat	658547
142	unsat	658547
143	unsat	658547
144	unsat	658547
145	unsat	658547
146	unsat	658547
147	unsat	658547
148	unsat	658547
149	unsat	658547
150	unsat	658547
151	unsat	658547
152	unsat	658547
153	unsat	658547
154	unsat	658547
155	unsat	658547
156	unsat	658547
157	unsat	658547
158	unsat	658547
159	unsat	658547
160	unsat	658547
161	unsat	658547
162	unsat	658547
163	unsat	658547
164	unsat	658547
165	unsat	658547
166	unsat	658547
167	unsat	658547
168	unsat	658547
169	unsat	658547
170	unsat	658547
171	unsat	658547
172	unsat	658547
173	unsat	658547
174	unsat	658547
175	unsat	658547
176	unsat	658547
177	unsat	658547
178	unsat	658547
179	unsat	658562
180	unknown	810267
181	unsat	739565
182	unknown	810267
183	unknown	810267
184	unknown	810267
185	unknown	810267
186	unknown	810267
187	unknown	810267
188	unknown	810267
189	unknown	810267
190	unknown	810267
191	unknown	810267
192	unknown	810267
193	unknown	810267
194	unknown	810267
195	unknown	810267
196	unknown	810267
197	unknown	810267
198	unknown	810267
199	unknown	810267
200	unknown	810267
201	unknown	810267
202	unknown	810267
203	unknown	810267
204	unknown	810267
205	unknown	810267
206	unknown	810267
207	unknown	810267
208	unknown	810267
209	unknown	810267
210	unknown	810267
211	unknown	810267
212	unknown	810267
213	unknown	810267
214	unknown	810267
215	unknown	810267
216	unknown	810267
217	unknown	810267
218	unknown	810267
219	unknown	810267
220	unknown	810267
221	unknown	810267
222	unknown	810267
223	unknown	810267
224	unknown	810267
225	unknown	810267
226	unknown	810267
227	unknown	810267
228	unknown	810267
229	unknown	810267
230	unknown	810267
231	unknown	810267
232	unknown	810267
233	unknown	810267
234	unknown	810267
235	unknown	810267
236	unknown	810267
237	unknown	810267
238	unknown	810267
239	unknown	810267
240	unknown	810267
241	unknown	810267
242	unknown	810267
243	unknown	810267
244	unknown	810267
245	unknown	810267
246	unknown	810267
247	unknown	810267
248	unknown	810267
249	unknown	810267
250	unknown	810267
251	unsat	779462
252	unknown	898657
253	unknown	898657
254	unknown	898657
255	unknown	898657
256	unknown	898657
257	unknown	898657
258	unknown	898657
259	unknown	898657
260	unknown	898657
261	unknown	898657
262	unknown	898657
263	unknown	898657
264	unknown	898657
265	unknown	898657
266	unknown	898657
267	unknown	898657
268	unknown	898657
269	unknown	898657
270	unknown	898657
271	unknown	898657
272	unknown	898657
273	unknown	898657
274	unknown	898657
275	unknown	898657
276	unknown	898657
277	unknown	898657
278	unknown	898657
279	unknown	898657
280	unknown	873181
281	unknown	873181
282	unknown	873181
283	unknown	873181
284	unknown	770058
285	unknown	770058
286	unknown	770058
287	unknown	770058
288	unknown	770058
289	unknown	770058
290	unknown	770058
291	unknown	770058
292	unknown	770058
293	unknown	770058
294	unknown	770058
295	unknown	770058
296	unknown	770058
297	unknown	770058
298	unknown	770058
299	unknown	770058
300	unknown	770058
301	unknown	770058
302	unknown	770058
303	unknown	770058
304	unknown	770058
305	unknown	770058
306	unknown	770058
307	unknown	770058
308	unknown	770058
309	unknown	770058
310	unknown	770058
311	unknown	770058
312	unknown	837943
313	unknown	837943
314	unknown	837943
315	unknown	837943
316	unknown	837943
317	unknown	837943
318	unknown	837943
319	unknown	837943
320	unknown	837943
321	unknown	837943
322	unknown	837943
323	unknown	837943
324	unknown	837943
325	unknown	837943
326	unknown	837943
327	unknown	837943
328	unknown	837943
329	unknown	1009839
330	unknown	916388
331	unknown	916388
332	unknown	916388
333	unknown	916388
334	unknown	916388
335	unknown	916388
336	unknown	916388
337	unknown	916388
338	unknown	916388
339	unknown	916388
340	unknown	916388
341	unknown	916388
342	unknown	916388
343	unknown	916388
344	unknown	916388
345	unknown	916388
346	unknown	916388
347	unknown	916388
348	unknown	916388
349	unknown	916388
350	unknown	916388
351	unknown	916388
352	unknown	916388
353	unknown	916388
354	unknown	916388
355	unknown	916388
356	unknown	916388
357	unknown	916388
358	unknown	916388
359	unknown	916388
360	unknown	916388
361	unknown	916388
362	unknown	916388
363	unknown	916388
364	unknown	916388
365	unknown	916388
366	unknown	916388
367	unknown	916388
368	unknown	916388
369	unknown	916388
370	unknown	916388
371	unknown	916388
372	unknown	916388
373	unknown	916388
374	unknown	916388
375	unknown	916388
376	unknown	916388
377	unknown	916388
378	unknown	916388
379	unknown	916388
380	unknown	916388
381	unknown	916388
382	unknown	916388
383	unknown	916388
384	unknown	916388
385	unknown	916388
386	unknown	916388
387	unknown	916388
388	unknown	916388
389	unknown	916388
390	unknown	916388
391	unknown	916388
392	unknown	916388
393	unknown	916388
394	unknown	916388
395	unknown	916388
396	unknown	916388
397	unknown	916388
398	unknown	916388
399	unknown	916388
400	unknown	916388
401	unknown	916388
402	unknown	916388
403	unknown	916388
404	unknown	916388
405	unknown	916388
406	unknown	916388
407	unknown	916388
408	unknown	916388
409	unknown	916388
410	unknown	916388
411	unknown	916388
412	unknown	916388
413	unknown	916388
414	unknown	916388
415	unknown	916388
416	unknown	916388
417	unknown	916388
418	unknown	916388
419	unknown	916388
420	unknown	916388
421	unknown	916388
422	unknown	916388
423	unknown	916388
424	unknown	916388
425	unknown	916388
426	unknown	916388
427	unknown	916388
428	unknown	916388
429	unknown	916388
430	unknown	916388
431	unknown	916388
432	unknown	916388
433	unknown	916388
434	unknown	916388
435	unknown	916388
436	unknown	916388
437	unknown	916388
438	unknown	916388
439	unknown	916388
440	unknown	916388
441	unknown	916388
442	unknown	916388
443	unknown	916388
444	unknown	916388
445	unknown	916388
446	unknown	916388
447	unknown	916388
448	unknown	916388
449	unknown	916388
450	unknown	916388
451	unknown	916388
452	unknown	916388
453	unknown	916388
454	unknown	916388
455	unknown	916388
456	unknown	916388
457	unknown	916388
458	unknown	916388
459	unknown	916388
460	unknown	916388
461	unknown	916388
462	unknown	916388
463	unknown	916388
464	unknown	916388
465	unknown	916388
466	unknown	916388
467	unknown	916388
468	unknown	916388
469	unknown	916388
470	unknown	916388
471	unknown	916388
472	unknown	916388
473	unknown	916388
474	unknown	916388
475	unknown	916388
476	unknown	916388
477	unknown	916388
478	unknown	916388
479	unknown	916388
480	unknown	916388
481	unknown	916388
482	unknown	916388
483	unknown	916388
484	unknown	916388
485	unknown	916388
486	unknown	916388
487	unknown	916388
488	unknown	916388
489	unknown	916388
490	unknown	916388
491	unknown	916388
492	unknown	916388
493	unknown	916388
494	unknown	916388
495	unknown	916388
496	unknown	916388
497	unknown	916388
498	unknown	916388
499	unknown	916388
500	unknown	916388
501	unknown	916388
502	unknown	916388
503	unknown	916388
504	unknown	916388
505	unknown	916388
506	unknown	916388
507	unknown	916388
508	unknown	916388
509	unknown	916388
510	unknown	916388
511	unknown	916388
512	unknown	916388
513	unknown	916388
514	unknown	916388
515	unknown	916388
516	unknown	916388
517	unknown	916388
518	unknown	916388
519	unknown	916388
520	unknown	916388
521	unknown	916388
522	unknown	916388
523	unknown	916388
524	unknown	916388
525	unknown	916388
526	unknown	916388
527	unknown	916388
528	unknown	916388
529	unknown	916388
530	unknown	916388
531	unknown	916388
532	unknown	916388
533	unknown	916388
534	unknown	916388
535	unknown	916388
536	unknown	916388
537	unknown	916388
538	unknown	916388
539	unknown	916388
540	unknown	916388
541	unknown	916388
542	unknown	916388
543	unknown	916388
544	unknown	916388
545	unknown	916388
546	unknown	916388
547	unknown	916388
548	unknown	916388
549	unknown	916388
550	unknown	916388
551	unknown	916388
552	unknown	916388
553	unknown	916388
554	unknown	916388
555	unknown	916388
556	unknown	916388
557	unknown	916388
558	unknown	916388
559	unknown	916388
560	unknown	916388
561	unknown	916388
562	unknown	916388
563	unknown	916388
564	unknown	916388
565	unknown	916388
566	unknown	916388
567	unknown	916388
568	unknown	916388
569	unknown	916388
570	unknown	916388
571	unknown	916388
572	unknown	916388
573	unknown	916388
574	unknown	916388
575	unknown	916388
576	unknown	916388
577	unknown	916388
578	unknown	916388
579	unknown	916388
580	unknown	916388
581	unknown	916388
582	unknown	916388
583	unknown	916388
584	unknown	916388
585	unknown	916388
586	unknown	916388
587	unknown	916388
588	unknown	916388
589	unknown	916388
590	unknown	916388
591	unknown	916388
592	unknown	916388
593	unknown	916388
594	unknown	916388
595	unknown	916388
596	unknown	916388
597	unknown	916388
598	unknown	916388
599	unknown	916388
600	unknown	916388
601	unknown	916388
